member_casual,weekday,number_of_rides,average_duration
casual,Sun,335133,NA
casual,Mon,238800,NA
casual,Tue,233799,NA
casual,Wed,242297,NA
casual,Thu,260920,NA
casual,Fri,311607,NA
casual,Sat,426193,NA
member,Sun,405824,864.582390395837
member,Mon,510624,744.786774613023
member,Tue,566342,747.918900593634
member,Wed,589531,747.208833801785
member,Thu,596872,737.985973542066
member,Fri,538746,763.179058406002
member,Sat,484784,859.542670550183
